-- phpMyAdmin SQL Dump
-- version 5.2.0
-- https://www.phpmyadmin.net/
--
-- Host: 127.0.0.1
-- Generation Time: Mar 17, 2023 at 12:40 AM
-- Server version: 10.4.27-MariaDB
-- PHP Version: 8.2.0

SET SQL_MODE = "NO_AUTO_VALUE_ON_ZERO";
START TRANSACTION;
SET time_zone = "+00:00";


/*!40101 SET @OLD_CHARACTER_SET_CLIENT=@@CHARACTER_SET_CLIENT */;
/*!40101 SET @OLD_CHARACTER_SET_RESULTS=@@CHARACTER_SET_RESULTS */;
/*!40101 SET @OLD_COLLATION_CONNECTION=@@COLLATION_CONNECTION */;
/*!40101 SET NAMES utf8mb4 */;

--
-- Database: `pembayaran_spp`
--

-- --------------------------------------------------------

--
-- Table structure for table `tb_kelas`
--

CREATE TABLE `tb_kelas` (
  `id_kelas` int(4) NOT NULL,
  `kelas` varchar(12) NOT NULL,
  `jurusan` varchar(5) NOT NULL
) ENGINE=InnoDB DEFAULT CHARSET=utf8mb4 COLLATE=utf8mb4_general_ci;

--
-- Dumping data for table `tb_kelas`
--

INSERT INTO `tb_kelas` (`id_kelas`, `kelas`, `jurusan`) VALUES
(1, 'X-DKV-1', 'DKV'),
(2, 'X-RPL-1', 'RPL'),
(3, 'X-TKJ-1', 'TKJ'),
(4, 'XI-RPL-1', 'RPL'),
(5, 'XI-DKV-1', 'DKV'),
(6, 'XI-TKJ-1', 'TKJ'),
(8, 'X-RPL-2', 'RPL'),
(9, 'X-RPL-3', 'RPL'),
(11, 'X-TKJ-2', 'TKJ');

-- --------------------------------------------------------

--
-- Table structure for table `tb_petugas`
--

CREATE TABLE `tb_petugas` (
  `id_petugas` int(4) NOT NULL,
  `username` varchar(20) NOT NULL,
  `password` varchar(20) NOT NULL,
  `level` varchar(10) NOT NULL
) ENGINE=InnoDB DEFAULT CHARSET=utf8mb4 COLLATE=utf8mb4_general_ci;

--
-- Dumping data for table `tb_petugas`
--

INSERT INTO `tb_petugas` (`id_petugas`, `username`, `password`, `level`) VALUES
(1, 'admin', 'admin', 'admin'),
(2, 'petugas', 'petugas', 'petugas'),
(5, 'pepepe', 'pepepe', 'petugas'),
(6, 'Zidan', 'dandan', 'admin'),
(7, 'Kroco', 'kroco', 'petugas'),
(10, 'Joko', 'kokokoko', 'petugas');

-- --------------------------------------------------------

--
-- Table structure for table `tb_siswa`
--

CREATE TABLE `tb_siswa` (
  `nis` int(4) NOT NULL,
  `id_kelas` int(4) NOT NULL,
  `nama` varchar(50) NOT NULL,
  `password` varchar(20) NOT NULL,
  `alamat` varchar(100) NOT NULL,
  `no_telp` varchar(15) NOT NULL
) ENGINE=InnoDB DEFAULT CHARSET=utf8mb4 COLLATE=utf8mb4_general_ci;

--
-- Dumping data for table `tb_siswa`
--

INSERT INTO `tb_siswa` (`nis`, `id_kelas`, `nama`, `password`, `alamat`, `no_telp`) VALUES
(5001, 2, 'Zidan Abraham', '123456', 'Jl. Borak No. 45', '081754862391'),
(5002, 2, 'Viki Bruakaka', '123456', 'Jl. Kaka No. 11', '081234567891'),
(5003, 2, 'Mansur Yadana', '123456', 'Jl. Bungin No. 22', '082153647584'),
(5004, 2, 'Rizky Billar', '123456', 'Jl. Moyoyo No. 33', '087636452837'),
(5005, 2, 'Dewa Krsna', '123456', 'Jl. Akaka No. 77', '086574382645'),
(5006, 2, 'Dek Ryan', '123456', 'Jl. Sesetan No. 76', '081456728645'),
(5007, 2, 'Sancho Desa', '123456', 'Jl. Manchester No. 25', '087765628976'),
(5008, 2, 'Gung Rama', '123456', 'Jl. Bypass No. 11', '081564733847'),
(5009, 2, 'Arin rin', '123456', 'Jl. Pemogan No. 87', '085734257463'),
(5010, 3, 'Cristiano Rolando', '123456', 'Jl. Siuuuu No. 7', '081564738564'),
(5011, 3, 'Marcus Rashy', '123456', 'Jl. Trafford', '081354876594'),
(5012, 3, 'Bang Messi', '123456', 'Jl. Muca Gracias', '082745247263'),
(5013, 2, 'Jack Joko', '123456', 'Jl. Lope', '081564738294'),
(5014, 1, 'radit', '123456', 'sanur\r\n', '081239884705'),
(5015, 1, 'Anto Nirma', '123456', 'Jl. Santo', '084556587626'),
(5016, 1, 'Kili Bape', '123456', 'Jl. Pasir', '081734628746'),
(5017, 1, 'Rara Jojo', '123456', 'Jl. Amer', '088284657285'),
(5018, 1, 'Alex Santo', '123456', 'Jl. Garnato', '085672834826'),
(5019, 1, 'Andi Fredi', '123456', 'Jl. Sekte', '087735625365'),
(5020, 2, 'Budi Kratos', '123456', 'Jl. Ragrok', '085472878628'),
(5021, 2, 'dede', '123456', 'Jl raya sesetan. 10', '0878661050');

-- --------------------------------------------------------

--
-- Table structure for table `tb_spp`
--

CREATE TABLE `tb_spp` (
  `id_spp` int(5) NOT NULL,
  `nis` int(4) NOT NULL,
  `bulan` varchar(10) NOT NULL,
  `tahun_angkatan` varchar(10) NOT NULL,
  `jumlah_bayar` double DEFAULT NULL,
  `angkatan` varchar(3) NOT NULL
) ENGINE=InnoDB DEFAULT CHARSET=utf8mb4 COLLATE=utf8mb4_general_ci;

--
-- Dumping data for table `tb_spp`
--

INSERT INTO `tb_spp` (`id_spp`, `nis`, `bulan`, `tahun_angkatan`, `jumlah_bayar`, `angkatan`) VALUES
(73, 5001, 'Juli', '2023/2024', 500000, 'X'),
(74, 5001, 'Agustus', '2023/2024', 500000, 'X'),
(75, 5001, 'September', '2023/2024', 500000, 'X'),
(76, 5001, 'Oktober', '2023/2024', 500000, 'X'),
(77, 5001, 'November', '2023/2024', 500000, 'X'),
(78, 5001, 'Desember', '2023/2024', 500000, 'X'),
(79, 5001, 'Januari', '2023/2024', 500000, 'X'),
(80, 5001, 'Februari', '2023/2024', 500000, 'X'),
(81, 5001, 'Maret', '2023/2024', 500000, 'X'),
(82, 5001, 'April', '2023/2024', 500000, 'X'),
(83, 5001, 'Mei', '2023/2024', 500000, 'X'),
(84, 5001, 'Juni', '2023/2024', 500000, 'X'),
(85, 5001, 'Juli', '2023/2024', 500000, 'XI'),
(86, 5001, 'Agustus', '2023/2024', 500000, 'XI'),
(87, 5001, 'September', '2023/2024', 500000, 'XI'),
(88, 5001, 'Oktober', '2023/2024', 500000, 'XI'),
(89, 5001, 'November', '2023/2024', NULL, 'XI'),
(90, 5001, 'Desember', '2023/2024', NULL, 'XI'),
(91, 5001, 'Januari', '2023/2024', NULL, 'XI'),
(92, 5001, 'Februari', '2023/2024', NULL, 'XI'),
(93, 5001, 'Maret', '2023/2024', NULL, 'XI'),
(94, 5001, 'April', '2023/2024', NULL, 'XI'),
(95, 5001, 'Mei', '2023/2024', NULL, 'XI'),
(96, 5001, 'Juni', '2023/2024', NULL, 'XI'),
(97, 5001, 'Juli', '2023/2024', NULL, 'XII'),
(98, 5001, 'Agustus', '2023/2024', NULL, 'XII'),
(99, 5001, 'September', '2023/2024', NULL, 'XII'),
(100, 5001, 'Oktober', '2023/2024', NULL, 'XII'),
(101, 5001, 'November', '2023/2024', NULL, 'XII'),
(102, 5001, 'Desember', '2023/2024', NULL, 'XII'),
(103, 5001, 'Januari', '2023/2024', NULL, 'XII'),
(104, 5001, 'Februari', '2023/2024', NULL, 'XII'),
(105, 5001, 'Maret', '2023/2024', NULL, 'XII'),
(106, 5001, 'April', '2023/2024', NULL, 'XII'),
(107, 5001, 'Mei', '2023/2024', NULL, 'XII'),
(108, 5001, 'Juni', '2023/2024', NULL, 'XII'),
(109, 5002, 'Juli', '2023/2024', 500000, 'X'),
(110, 5002, 'Agustus', '2023/2024', 500000, 'X'),
(111, 5002, 'September', '2023/2024', 500000, 'X'),
(112, 5002, 'Oktober', '2023/2024', 300000, 'X'),
(113, 5002, 'November', '2023/2024', NULL, 'X'),
(114, 5002, 'Desember', '2023/2024', NULL, 'X'),
(115, 5002, 'Januari', '2023/2024', NULL, 'X'),
(116, 5002, 'Februari', '2023/2024', NULL, 'X'),
(117, 5002, 'Maret', '2023/2024', NULL, 'X'),
(118, 5002, 'April', '2023/2024', NULL, 'X'),
(119, 5002, 'Mei', '2023/2024', NULL, 'X'),
(120, 5002, 'Juni', '2023/2024', NULL, 'X'),
(121, 5002, 'Juli', '2023/2024', NULL, 'XI'),
(122, 5002, 'Agustus', '2023/2024', NULL, 'XI'),
(123, 5002, 'September', '2023/2024', NULL, 'XI'),
(124, 5002, 'Oktober', '2023/2024', NULL, 'XI'),
(125, 5002, 'November', '2023/2024', NULL, 'XI'),
(126, 5002, 'Desember', '2023/2024', NULL, 'XI'),
(127, 5002, 'Januari', '2023/2024', NULL, 'XI'),
(128, 5002, 'Februari', '2023/2024', NULL, 'XI'),
(129, 5002, 'Maret', '2023/2024', NULL, 'XI'),
(130, 5002, 'April', '2023/2024', NULL, 'XI'),
(131, 5002, 'Mei', '2023/2024', NULL, 'XI'),
(132, 5002, 'Juni', '2023/2024', NULL, 'XI'),
(133, 5002, 'Juli', '2023/2024', NULL, 'XII'),
(134, 5002, 'Agustus', '2023/2024', NULL, 'XII'),
(135, 5002, 'September', '2023/2024', NULL, 'XII'),
(136, 5002, 'Oktober', '2023/2024', NULL, 'XII'),
(137, 5002, 'November', '2023/2024', NULL, 'XII'),
(138, 5002, 'Desember', '2023/2024', NULL, 'XII'),
(139, 5002, 'Januari', '2023/2024', NULL, 'XII'),
(140, 5002, 'Februari', '2023/2024', NULL, 'XII'),
(141, 5002, 'Maret', '2023/2024', NULL, 'XII'),
(142, 5002, 'April', '2023/2024', NULL, 'XII'),
(143, 5002, 'Mei', '2023/2024', NULL, 'XII'),
(144, 5002, 'Juni', '2023/2024', NULL, 'XII'),
(145, 5003, 'Juli', '2023/2024', 500000, 'X'),
(146, 5003, 'Agustus', '2023/2024', NULL, 'X'),
(147, 5003, 'September', '2023/2024', NULL, 'X'),
(148, 5003, 'Oktober', '2023/2024', NULL, 'X'),
(149, 5003, 'November', '2023/2024', NULL, 'X'),
(150, 5003, 'Desember', '2023/2024', NULL, 'X'),
(151, 5003, 'Januari', '2023/2024', NULL, 'X'),
(152, 5003, 'Februari', '2023/2024', NULL, 'X'),
(153, 5003, 'Maret', '2023/2024', NULL, 'X'),
(154, 5003, 'April', '2023/2024', NULL, 'X'),
(155, 5003, 'Mei', '2023/2024', NULL, 'X'),
(156, 5003, 'Juni', '2023/2024', NULL, 'X'),
(157, 5003, 'Juli', '2023/2024', NULL, 'XI'),
(158, 5003, 'Agustus', '2023/2024', NULL, 'XI'),
(159, 5003, 'September', '2023/2024', NULL, 'XI'),
(160, 5003, 'Oktober', '2023/2024', NULL, 'XI'),
(161, 5003, 'November', '2023/2024', NULL, 'XI'),
(162, 5003, 'Desember', '2023/2024', NULL, 'XI'),
(163, 5003, 'Januari', '2023/2024', NULL, 'XI'),
(164, 5003, 'Februari', '2023/2024', NULL, 'XI'),
(165, 5003, 'Maret', '2023/2024', NULL, 'XI'),
(166, 5003, 'April', '2023/2024', NULL, 'XI'),
(167, 5003, 'Mei', '2023/2024', NULL, 'XI'),
(168, 5003, 'Juni', '2023/2024', NULL, 'XI'),
(169, 5003, 'Juli', '2023/2024', NULL, 'XII'),
(170, 5003, 'Agustus', '2023/2024', NULL, 'XII'),
(171, 5003, 'September', '2023/2024', NULL, 'XII'),
(172, 5003, 'Oktober', '2023/2024', NULL, 'XII'),
(173, 5003, 'November', '2023/2024', NULL, 'XII'),
(174, 5003, 'Desember', '2023/2024', NULL, 'XII'),
(175, 5003, 'Januari', '2023/2024', NULL, 'XII'),
(176, 5003, 'Februari', '2023/2024', NULL, 'XII'),
(177, 5003, 'Maret', '2023/2024', NULL, 'XII'),
(178, 5003, 'April', '2023/2024', NULL, 'XII'),
(179, 5003, 'Mei', '2023/2024', NULL, 'XII'),
(180, 5003, 'Juni', '2023/2024', NULL, 'XII'),
(181, 5004, 'Juli', '2023/2024', 500000, 'X'),
(182, 5004, 'Agustus', '2023/2024', 500000, 'X'),
(183, 5004, 'September', '2023/2024', 70000, 'X'),
(184, 5004, 'Oktober', '2023/2024', NULL, 'X'),
(185, 5004, 'November', '2023/2024', NULL, 'X'),
(186, 5004, 'Desember', '2023/2024', NULL, 'X'),
(187, 5004, 'Januari', '2023/2024', NULL, 'X'),
(188, 5004, 'Februari', '2023/2024', NULL, 'X'),
(189, 5004, 'Maret', '2023/2024', NULL, 'X'),
(190, 5004, 'April', '2023/2024', NULL, 'X'),
(191, 5004, 'Mei', '2023/2024', NULL, 'X'),
(192, 5004, 'Juni', '2023/2024', NULL, 'X'),
(193, 5004, 'Juli', '2023/2024', NULL, 'XI'),
(194, 5004, 'Agustus', '2023/2024', NULL, 'XI'),
(195, 5004, 'September', '2023/2024', NULL, 'XI'),
(196, 5004, 'Oktober', '2023/2024', NULL, 'XI'),
(197, 5004, 'November', '2023/2024', NULL, 'XI'),
(198, 5004, 'Desember', '2023/2024', NULL, 'XI'),
(199, 5004, 'Januari', '2023/2024', NULL, 'XI'),
(200, 5004, 'Februari', '2023/2024', NULL, 'XI'),
(201, 5004, 'Maret', '2023/2024', NULL, 'XI'),
(202, 5004, 'April', '2023/2024', NULL, 'XI'),
(203, 5004, 'Mei', '2023/2024', NULL, 'XI'),
(204, 5004, 'Juni', '2023/2024', NULL, 'XI'),
(205, 5004, 'Juli', '2023/2024', 500000, 'XII'),
(206, 5004, 'Agustus', '2023/2024', 500000, 'XII'),
(207, 5004, 'September', '2023/2024', 500000, 'XII'),
(208, 5004, 'Oktober', '2023/2024', NULL, 'XII'),
(209, 5004, 'November', '2023/2024', NULL, 'XII'),
(210, 5004, 'Desember', '2023/2024', NULL, 'XII'),
(211, 5004, 'Januari', '2023/2024', NULL, 'XII'),
(212, 5004, 'Februari', '2023/2024', NULL, 'XII'),
(213, 5004, 'Maret', '2023/2024', NULL, 'XII'),
(214, 5004, 'April', '2023/2024', NULL, 'XII'),
(215, 5004, 'Mei', '2023/2024', NULL, 'XII'),
(216, 5004, 'Juni', '2023/2024', NULL, 'XII'),
(217, 5005, 'Juli', '2023/2024', 500000, 'X'),
(218, 5005, 'Agustus', '2023/2024', 500000, 'X'),
(219, 5005, 'September', '2023/2024', 500000, 'X'),
(220, 5005, 'Oktober', '2023/2024', 250000, 'X'),
(221, 5005, 'November', '2023/2024', NULL, 'X'),
(222, 5005, 'Desember', '2023/2024', NULL, 'X'),
(223, 5005, 'Januari', '2023/2024', NULL, 'X'),
(224, 5005, 'Februari', '2023/2024', NULL, 'X'),
(225, 5005, 'Maret', '2023/2024', NULL, 'X'),
(226, 5005, 'April', '2023/2024', NULL, 'X'),
(227, 5005, 'Mei', '2023/2024', NULL, 'X'),
(228, 5005, 'Juni', '2023/2024', NULL, 'X'),
(229, 5005, 'Juli', '2023/2024', NULL, 'XI'),
(230, 5005, 'Agustus', '2023/2024', NULL, 'XI'),
(231, 5005, 'September', '2023/2024', NULL, 'XI'),
(232, 5005, 'Oktober', '2023/2024', NULL, 'XI'),
(233, 5005, 'November', '2023/2024', NULL, 'XI'),
(234, 5005, 'Desember', '2023/2024', NULL, 'XI'),
(235, 5005, 'Januari', '2023/2024', NULL, 'XI'),
(236, 5005, 'Februari', '2023/2024', NULL, 'XI'),
(237, 5005, 'Maret', '2023/2024', NULL, 'XI'),
(238, 5005, 'April', '2023/2024', NULL, 'XI'),
(239, 5005, 'Mei', '2023/2024', NULL, 'XI'),
(240, 5005, 'Juni', '2023/2024', NULL, 'XI'),
(241, 5005, 'Juli', '2023/2024', NULL, 'XII'),
(242, 5005, 'Agustus', '2023/2024', NULL, 'XII'),
(243, 5005, 'September', '2023/2024', NULL, 'XII'),
(244, 5005, 'Oktober', '2023/2024', NULL, 'XII'),
(245, 5005, 'November', '2023/2024', NULL, 'XII'),
(246, 5005, 'Desember', '2023/2024', NULL, 'XII'),
(247, 5005, 'Januari', '2023/2024', NULL, 'XII'),
(248, 5005, 'Februari', '2023/2024', NULL, 'XII'),
(249, 5005, 'Maret', '2023/2024', NULL, 'XII'),
(250, 5005, 'April', '2023/2024', NULL, 'XII'),
(251, 5005, 'Mei', '2023/2024', NULL, 'XII'),
(252, 5005, 'Juni', '2023/2024', NULL, 'XII'),
(253, 5006, 'Juli', '2023/2024', 500000, 'X'),
(254, 5006, 'Agustus', '2023/2024', NULL, 'X'),
(255, 5006, 'September', '2023/2024', NULL, 'X'),
(256, 5006, 'Oktober', '2023/2024', NULL, 'X'),
(257, 5006, 'November', '2023/2024', NULL, 'X'),
(258, 5006, 'Desember', '2023/2024', NULL, 'X'),
(259, 5006, 'Januari', '2023/2024', NULL, 'X'),
(260, 5006, 'Februari', '2023/2024', NULL, 'X'),
(261, 5006, 'Maret', '2023/2024', NULL, 'X'),
(262, 5006, 'April', '2023/2024', NULL, 'X'),
(263, 5006, 'Mei', '2023/2024', NULL, 'X'),
(264, 5006, 'Juni', '2023/2024', NULL, 'X'),
(265, 5006, 'Juli', '2023/2024', NULL, 'XI'),
(266, 5006, 'Agustus', '2023/2024', NULL, 'XI'),
(267, 5006, 'September', '2023/2024', NULL, 'XI'),
(268, 5006, 'Oktober', '2023/2024', NULL, 'XI'),
(269, 5006, 'November', '2023/2024', NULL, 'XI'),
(270, 5006, 'Desember', '2023/2024', NULL, 'XI'),
(271, 5006, 'Januari', '2023/2024', NULL, 'XI'),
(272, 5006, 'Februari', '2023/2024', NULL, 'XI'),
(273, 5006, 'Maret', '2023/2024', NULL, 'XI'),
(274, 5006, 'April', '2023/2024', NULL, 'XI'),
(275, 5006, 'Mei', '2023/2024', NULL, 'XI'),
(276, 5006, 'Juni', '2023/2024', NULL, 'XI'),
(277, 5006, 'Juli', '2023/2024', NULL, 'XII'),
(278, 5006, 'Agustus', '2023/2024', NULL, 'XII'),
(279, 5006, 'September', '2023/2024', NULL, 'XII'),
(280, 5006, 'Oktober', '2023/2024', NULL, 'XII'),
(281, 5006, 'November', '2023/2024', NULL, 'XII'),
(282, 5006, 'Desember', '2023/2024', NULL, 'XII'),
(283, 5006, 'Januari', '2023/2024', NULL, 'XII'),
(284, 5006, 'Februari', '2023/2024', NULL, 'XII'),
(285, 5006, 'Maret', '2023/2024', NULL, 'XII'),
(286, 5006, 'April', '2023/2024', NULL, 'XII'),
(287, 5006, 'Mei', '2023/2024', NULL, 'XII'),
(288, 5006, 'Juni', '2023/2024', NULL, 'XII'),
(289, 5007, 'Juli', '2023/2024', 500000, 'X'),
(290, 5007, 'Agustus', '2023/2024', 500000, 'X'),
(291, 5007, 'September', '2023/2024', 500000, 'X'),
(292, 5007, 'Oktober', '2023/2024', 500000, 'X'),
(293, 5007, 'November', '2023/2024', 500000, 'X'),
(294, 5007, 'Desember', '2023/2024', 500000, 'X'),
(295, 5007, 'Januari', '2023/2024', 500000, 'X'),
(296, 5007, 'Februari', '2023/2024', 500000, 'X'),
(297, 5007, 'Maret', '2023/2024', 500000, 'X'),
(298, 5007, 'April', '2023/2024', 500000, 'X'),
(299, 5007, 'Mei', '2023/2024', 500000, 'X'),
(300, 5007, 'Juni', '2023/2024', 500000, 'X'),
(301, 5007, 'Juli', '2023/2024', NULL, 'XI'),
(302, 5007, 'Agustus', '2023/2024', NULL, 'XI'),
(303, 5007, 'September', '2023/2024', NULL, 'XI'),
(304, 5007, 'Oktober', '2023/2024', NULL, 'XI'),
(305, 5007, 'November', '2023/2024', NULL, 'XI'),
(306, 5007, 'Desember', '2023/2024', NULL, 'XI'),
(307, 5007, 'Januari', '2023/2024', NULL, 'XI'),
(308, 5007, 'Februari', '2023/2024', NULL, 'XI'),
(309, 5007, 'Maret', '2023/2024', NULL, 'XI'),
(310, 5007, 'April', '2023/2024', NULL, 'XI'),
(311, 5007, 'Mei', '2023/2024', NULL, 'XI'),
(312, 5007, 'Juni', '2023/2024', NULL, 'XI'),
(313, 5007, 'Juli', '2023/2024', NULL, 'XII'),
(314, 5007, 'Agustus', '2023/2024', NULL, 'XII'),
(315, 5007, 'September', '2023/2024', NULL, 'XII'),
(316, 5007, 'Oktober', '2023/2024', NULL, 'XII'),
(317, 5007, 'November', '2023/2024', NULL, 'XII'),
(318, 5007, 'Desember', '2023/2024', NULL, 'XII'),
(319, 5007, 'Januari', '2023/2024', NULL, 'XII'),
(320, 5007, 'Februari', '2023/2024', NULL, 'XII'),
(321, 5007, 'Maret', '2023/2024', NULL, 'XII'),
(322, 5007, 'April', '2023/2024', NULL, 'XII'),
(323, 5007, 'Mei', '2023/2024', NULL, 'XII'),
(324, 5007, 'Juni', '2023/2024', NULL, 'XII'),
(325, 5008, 'Juli', '2023/2024', 500000, 'X'),
(326, 5008, 'Agustus', '2023/2024', 100000, 'X'),
(327, 5008, 'September', '2023/2024', NULL, 'X'),
(328, 5008, 'Oktober', '2023/2024', NULL, 'X'),
(329, 5008, 'November', '2023/2024', NULL, 'X'),
(330, 5008, 'Desember', '2023/2024', NULL, 'X'),
(331, 5008, 'Januari', '2023/2024', NULL, 'X'),
(332, 5008, 'Februari', '2023/2024', NULL, 'X'),
(333, 5008, 'Maret', '2023/2024', NULL, 'X'),
(334, 5008, 'April', '2023/2024', NULL, 'X'),
(335, 5008, 'Mei', '2023/2024', NULL, 'X'),
(336, 5008, 'Juni', '2023/2024', NULL, 'X'),
(337, 5008, 'Juli', '2023/2024', NULL, 'XI'),
(338, 5008, 'Agustus', '2023/2024', NULL, 'XI'),
(339, 5008, 'September', '2023/2024', NULL, 'XI'),
(340, 5008, 'Oktober', '2023/2024', NULL, 'XI'),
(341, 5008, 'November', '2023/2024', NULL, 'XI'),
(342, 5008, 'Desember', '2023/2024', NULL, 'XI'),
(343, 5008, 'Januari', '2023/2024', NULL, 'XI'),
(344, 5008, 'Februari', '2023/2024', NULL, 'XI'),
(345, 5008, 'Maret', '2023/2024', NULL, 'XI'),
(346, 5008, 'April', '2023/2024', NULL, 'XI'),
(347, 5008, 'Mei', '2023/2024', NULL, 'XI'),
(348, 5008, 'Juni', '2023/2024', NULL, 'XI'),
(349, 5008, 'Juli', '2023/2024', NULL, 'XII'),
(350, 5008, 'Agustus', '2023/2024', NULL, 'XII'),
(351, 5008, 'September', '2023/2024', NULL, 'XII'),
(352, 5008, 'Oktober', '2023/2024', NULL, 'XII'),
(353, 5008, 'November', '2023/2024', NULL, 'XII'),
(354, 5008, 'Desember', '2023/2024', NULL, 'XII'),
(355, 5008, 'Januari', '2023/2024', NULL, 'XII'),
(356, 5008, 'Februari', '2023/2024', NULL, 'XII'),
(357, 5008, 'Maret', '2023/2024', NULL, 'XII'),
(358, 5008, 'April', '2023/2024', NULL, 'XII'),
(359, 5008, 'Mei', '2023/2024', NULL, 'XII'),
(360, 5008, 'Juni', '2023/2024', NULL, 'XII'),
(361, 5009, 'Juli', '2023/2024', 101000, 'X'),
(362, 5009, 'Agustus', '2023/2024', NULL, 'X'),
(363, 5009, 'September', '2023/2024', NULL, 'X'),
(364, 5009, 'Oktober', '2023/2024', NULL, 'X'),
(365, 5009, 'November', '2023/2024', NULL, 'X'),
(366, 5009, 'Desember', '2023/2024', NULL, 'X'),
(367, 5009, 'Januari', '2023/2024', NULL, 'X'),
(368, 5009, 'Februari', '2023/2024', NULL, 'X'),
(369, 5009, 'Maret', '2023/2024', NULL, 'X'),
(370, 5009, 'April', '2023/2024', NULL, 'X'),
(371, 5009, 'Mei', '2023/2024', NULL, 'X'),
(372, 5009, 'Juni', '2023/2024', NULL, 'X'),
(373, 5009, 'Juli', '2023/2024', NULL, 'XI'),
(374, 5009, 'Agustus', '2023/2024', NULL, 'XI'),
(375, 5009, 'September', '2023/2024', NULL, 'XI'),
(376, 5009, 'Oktober', '2023/2024', NULL, 'XI'),
(377, 5009, 'November', '2023/2024', NULL, 'XI'),
(378, 5009, 'Desember', '2023/2024', NULL, 'XI'),
(379, 5009, 'Januari', '2023/2024', NULL, 'XI'),
(380, 5009, 'Februari', '2023/2024', NULL, 'XI'),
(381, 5009, 'Maret', '2023/2024', NULL, 'XI'),
(382, 5009, 'April', '2023/2024', NULL, 'XI'),
(383, 5009, 'Mei', '2023/2024', NULL, 'XI'),
(384, 5009, 'Juni', '2023/2024', NULL, 'XI'),
(385, 5009, 'Juli', '2023/2024', NULL, 'XII'),
(386, 5009, 'Agustus', '2023/2024', NULL, 'XII'),
(387, 5009, 'September', '2023/2024', NULL, 'XII'),
(388, 5009, 'Oktober', '2023/2024', NULL, 'XII'),
(389, 5009, 'November', '2023/2024', NULL, 'XII'),
(390, 5009, 'Desember', '2023/2024', NULL, 'XII'),
(391, 5009, 'Januari', '2023/2024', NULL, 'XII'),
(392, 5009, 'Februari', '2023/2024', NULL, 'XII'),
(393, 5009, 'Maret', '2023/2024', NULL, 'XII'),
(394, 5009, 'April', '2023/2024', NULL, 'XII'),
(395, 5009, 'Mei', '2023/2024', NULL, 'XII'),
(396, 5009, 'Juni', '2023/2024', NULL, 'XII'),
(433, 5010, 'Juli', '2023/2024', 500000, 'X'),
(434, 5010, 'Agustus', '2023/2024', 500000, 'X'),
(435, 5010, 'September', '2023/2024', 500000, 'X'),
(436, 5010, 'Oktober', '2023/2024', 500000, 'X'),
(437, 5010, 'November', '2023/2024', 500000, 'X'),
(438, 5010, 'Desember', '2023/2024', 500000, 'X'),
(439, 5010, 'Januari', '2023/2024', 500000, 'X'),
(440, 5010, 'Februari', '2023/2024', 500000, 'X'),
(441, 5010, 'Maret', '2023/2024', 200000, 'X'),
(442, 5010, 'April', '2023/2024', NULL, 'X'),
(443, 5010, 'Mei', '2023/2024', NULL, 'X'),
(444, 5010, 'Juni', '2023/2024', NULL, 'X'),
(445, 5010, 'Juli', '2023/2024', NULL, 'XI'),
(446, 5010, 'Agustus', '2023/2024', NULL, 'XI'),
(447, 5010, 'September', '2023/2024', NULL, 'XI'),
(448, 5010, 'Oktober', '2023/2024', NULL, 'XI'),
(449, 5010, 'November', '2023/2024', NULL, 'XI'),
(450, 5010, 'Desember', '2023/2024', NULL, 'XI'),
(451, 5010, 'Januari', '2023/2024', NULL, 'XI'),
(452, 5010, 'Februari', '2023/2024', NULL, 'XI'),
(453, 5010, 'Maret', '2023/2024', NULL, 'XI'),
(454, 5010, 'April', '2023/2024', NULL, 'XI'),
(455, 5010, 'Mei', '2023/2024', NULL, 'XI'),
(456, 5010, 'Juni', '2023/2024', NULL, 'XI'),
(457, 5010, 'Juli', '2023/2024', NULL, 'XII'),
(458, 5010, 'Agustus', '2023/2024', NULL, 'XII'),
(459, 5010, 'September', '2023/2024', NULL, 'XII'),
(460, 5010, 'Oktober', '2023/2024', NULL, 'XII'),
(461, 5010, 'November', '2023/2024', NULL, 'XII'),
(462, 5010, 'Desember', '2023/2024', NULL, 'XII'),
(463, 5010, 'Januari', '2023/2024', NULL, 'XII'),
(464, 5010, 'Februari', '2023/2024', NULL, 'XII'),
(465, 5010, 'Maret', '2023/2024', NULL, 'XII'),
(466, 5010, 'April', '2023/2024', NULL, 'XII'),
(467, 5010, 'Mei', '2023/2024', NULL, 'XII'),
(468, 5010, 'Juni', '2023/2024', NULL, 'XII'),
(469, 5011, 'Juli', '2023/2024', 500000, 'X'),
(470, 5011, 'Agustus', '2023/2024', 500000, 'X'),
(471, 5011, 'September', '2023/2024', NULL, 'X'),
(472, 5011, 'Oktober', '2023/2024', NULL, 'X'),
(473, 5011, 'November', '2023/2024', NULL, 'X'),
(474, 5011, 'Desember', '2023/2024', NULL, 'X'),
(475, 5011, 'Januari', '2023/2024', NULL, 'X'),
(476, 5011, 'Februari', '2023/2024', NULL, 'X'),
(477, 5011, 'Maret', '2023/2024', NULL, 'X'),
(478, 5011, 'April', '2023/2024', NULL, 'X'),
(479, 5011, 'Mei', '2023/2024', NULL, 'X'),
(480, 5011, 'Juni', '2023/2024', NULL, 'X'),
(481, 5011, 'Juli', '2023/2024', NULL, 'XI'),
(482, 5011, 'Agustus', '2023/2024', NULL, 'XI'),
(483, 5011, 'September', '2023/2024', NULL, 'XI'),
(484, 5011, 'Oktober', '2023/2024', NULL, 'XI'),
(485, 5011, 'November', '2023/2024', NULL, 'XI'),
(486, 5011, 'Desember', '2023/2024', NULL, 'XI'),
(487, 5011, 'Januari', '2023/2024', NULL, 'XI'),
(488, 5011, 'Februari', '2023/2024', NULL, 'XI'),
(489, 5011, 'Maret', '2023/2024', NULL, 'XI'),
(490, 5011, 'April', '2023/2024', NULL, 'XI'),
(491, 5011, 'Mei', '2023/2024', NULL, 'XI'),
(492, 5011, 'Juni', '2023/2024', NULL, 'XI'),
(493, 5011, 'Juli', '2023/2024', NULL, 'XII'),
(494, 5011, 'Agustus', '2023/2024', NULL, 'XII'),
(495, 5011, 'September', '2023/2024', NULL, 'XII'),
(496, 5011, 'Oktober', '2023/2024', NULL, 'XII'),
(497, 5011, 'November', '2023/2024', NULL, 'XII'),
(498, 5011, 'Desember', '2023/2024', NULL, 'XII'),
(499, 5011, 'Januari', '2023/2024', NULL, 'XII'),
(500, 5011, 'Februari', '2023/2024', NULL, 'XII'),
(501, 5011, 'Maret', '2023/2024', NULL, 'XII'),
(502, 5011, 'April', '2023/2024', NULL, 'XII'),
(503, 5011, 'Mei', '2023/2024', NULL, 'XII'),
(504, 5011, 'Juni', '2023/2024', NULL, 'XII'),
(505, 5012, 'Juli', '2023/2024', 500000, 'X'),
(506, 5012, 'Agustus', '2023/2024', 500000, 'X'),
(507, 5012, 'September', '2023/2024', 500000, 'X'),
(508, 5012, 'Oktober', '2023/2024', 500000, 'X'),
(509, 5012, 'November', '2023/2024', 500000, 'X'),
(510, 5012, 'Desember', '2023/2024', 500000, 'X'),
(511, 5012, 'Januari', '2023/2024', 500000, 'X'),
(512, 5012, 'Februari', '2023/2024', 500000, 'X'),
(513, 5012, 'Maret', '2023/2024', 350000, 'X'),
(514, 5012, 'April', '2023/2024', NULL, 'X'),
(515, 5012, 'Mei', '2023/2024', NULL, 'X'),
(516, 5012, 'Juni', '2023/2024', NULL, 'X'),
(517, 5012, 'Juli', '2023/2024', NULL, 'XI'),
(518, 5012, 'Agustus', '2023/2024', NULL, 'XI'),
(519, 5012, 'September', '2023/2024', NULL, 'XI'),
(520, 5012, 'Oktober', '2023/2024', NULL, 'XI'),
(521, 5012, 'November', '2023/2024', NULL, 'XI'),
(522, 5012, 'Desember', '2023/2024', NULL, 'XI'),
(523, 5012, 'Januari', '2023/2024', NULL, 'XI'),
(524, 5012, 'Februari', '2023/2024', NULL, 'XI'),
(525, 5012, 'Maret', '2023/2024', NULL, 'XI'),
(526, 5012, 'April', '2023/2024', NULL, 'XI'),
(527, 5012, 'Mei', '2023/2024', NULL, 'XI'),
(528, 5012, 'Juni', '2023/2024', NULL, 'XI'),
(529, 5012, 'Juli', '2023/2024', NULL, 'XII'),
(530, 5012, 'Agustus', '2023/2024', NULL, 'XII'),
(531, 5012, 'September', '2023/2024', NULL, 'XII'),
(532, 5012, 'Oktober', '2023/2024', NULL, 'XII'),
(533, 5012, 'November', '2023/2024', NULL, 'XII'),
(534, 5012, 'Desember', '2023/2024', NULL, 'XII'),
(535, 5012, 'Januari', '2023/2024', NULL, 'XII'),
(536, 5012, 'Februari', '2023/2024', NULL, 'XII'),
(537, 5012, 'Maret', '2023/2024', NULL, 'XII'),
(538, 5012, 'April', '2023/2024', NULL, 'XII'),
(539, 5012, 'Mei', '2023/2024', NULL, 'XII'),
(540, 5012, 'Juni', '2023/2024', NULL, 'XII'),
(649, 5013, 'Juli', '2023/2024', 500000, 'X'),
(650, 5013, 'Agustus', '2023/2024', 500000, 'X'),
(651, 5013, 'September', '2023/2024', 500000, 'X'),
(652, 5013, 'Oktober', '2023/2024', 500000, 'X'),
(653, 5013, 'November', '2023/2024', 500000, 'X'),
(654, 5013, 'Desember', '2023/2024', 500000, 'X'),
(655, 5013, 'Januari', '2023/2024', 500000, 'X'),
(656, 5013, 'Februari', '2023/2024', 250000, 'X'),
(657, 5013, 'Maret', '2023/2024', NULL, 'X'),
(658, 5013, 'April', '2023/2024', NULL, 'X'),
(659, 5013, 'Mei', '2023/2024', NULL, 'X'),
(660, 5013, 'Juni', '2023/2024', NULL, 'X'),
(661, 5013, 'Juli', '2023/2024', NULL, 'XI'),
(662, 5013, 'Agustus', '2023/2024', NULL, 'XI'),
(663, 5013, 'September', '2023/2024', NULL, 'XI'),
(664, 5013, 'Oktober', '2023/2024', NULL, 'XI'),
(665, 5013, 'November', '2023/2024', NULL, 'XI'),
(666, 5013, 'Desember', '2023/2024', NULL, 'XI'),
(667, 5013, 'Januari', '2023/2024', NULL, 'XI'),
(668, 5013, 'Februari', '2023/2024', NULL, 'XI'),
(669, 5013, 'Maret', '2023/2024', NULL, 'XI'),
(670, 5013, 'April', '2023/2024', NULL, 'XI'),
(671, 5013, 'Mei', '2023/2024', NULL, 'XI'),
(672, 5013, 'Juni', '2023/2024', NULL, 'XI'),
(673, 5013, 'Juli', '2023/2024', NULL, 'XII'),
(674, 5013, 'Agustus', '2023/2024', NULL, 'XII'),
(675, 5013, 'September', '2023/2024', NULL, 'XII'),
(676, 5013, 'Oktober', '2023/2024', NULL, 'XII'),
(677, 5013, 'November', '2023/2024', NULL, 'XII'),
(678, 5013, 'Desember', '2023/2024', NULL, 'XII'),
(679, 5013, 'Januari', '2023/2024', NULL, 'XII'),
(680, 5013, 'Februari', '2023/2024', NULL, 'XII'),
(681, 5013, 'Maret', '2023/2024', NULL, 'XII'),
(682, 5013, 'April', '2023/2024', NULL, 'XII'),
(683, 5013, 'Mei', '2023/2024', NULL, 'XII'),
(684, 5013, 'Juni', '2023/2024', NULL, 'XII'),
(685, 5014, 'Juli', '2023/2024', 300000, 'X'),
(686, 5014, 'Agustus', '2023/2024', NULL, 'X'),
(687, 5014, 'September', '2023/2024', NULL, 'X'),
(688, 5014, 'Oktober', '2023/2024', NULL, 'X'),
(689, 5014, 'November', '2023/2024', NULL, 'X'),
(690, 5014, 'Desember', '2023/2024', NULL, 'X'),
(691, 5014, 'Januari', '2023/2024', NULL, 'X'),
(692, 5014, 'Februari', '2023/2024', NULL, 'X'),
(693, 5014, 'Maret', '2023/2024', NULL, 'X'),
(694, 5014, 'April', '2023/2024', NULL, 'X'),
(695, 5014, 'Mei', '2023/2024', NULL, 'X'),
(696, 5014, 'Juni', '2023/2024', NULL, 'X'),
(697, 5014, 'Juli', '2023/2024', 400000, 'XI'),
(698, 5014, 'Agustus', '2023/2024', NULL, 'XI'),
(699, 5014, 'September', '2023/2024', NULL, 'XI'),
(700, 5014, 'Oktober', '2023/2024', NULL, 'XI'),
(701, 5014, 'November', '2023/2024', NULL, 'XI'),
(702, 5014, 'Desember', '2023/2024', NULL, 'XI'),
(703, 5014, 'Januari', '2023/2024', NULL, 'XI'),
(704, 5014, 'Februari', '2023/2024', NULL, 'XI'),
(705, 5014, 'Maret', '2023/2024', NULL, 'XI'),
(706, 5014, 'April', '2023/2024', NULL, 'XI'),
(707, 5014, 'Mei', '2023/2024', NULL, 'XI'),
(708, 5014, 'Juni', '2023/2024', NULL, 'XI'),
(709, 5014, 'Juli', '2023/2024', NULL, 'XII'),
(710, 5014, 'Agustus', '2023/2024', NULL, 'XII'),
(711, 5014, 'September', '2023/2024', NULL, 'XII'),
(712, 5014, 'Oktober', '2023/2024', NULL, 'XII'),
(713, 5014, 'November', '2023/2024', NULL, 'XII'),
(714, 5014, 'Desember', '2023/2024', NULL, 'XII'),
(715, 5014, 'Januari', '2023/2024', NULL, 'XII'),
(716, 5014, 'Februari', '2023/2024', NULL, 'XII'),
(717, 5014, 'Maret', '2023/2024', NULL, 'XII'),
(718, 5014, 'April', '2023/2024', NULL, 'XII'),
(719, 5014, 'Mei', '2023/2024', NULL, 'XII'),
(720, 5014, 'Juni', '2023/2024', NULL, 'XII'),
(721, 5015, 'Juli', '2023/2024', NULL, 'X'),
(722, 5015, 'Agustus', '2023/2024', NULL, 'X'),
(723, 5015, 'September', '2023/2024', NULL, 'X'),
(724, 5015, 'Oktober', '2023/2024', NULL, 'X'),
(725, 5015, 'November', '2023/2024', NULL, 'X'),
(726, 5015, 'Desember', '2023/2024', NULL, 'X'),
(727, 5015, 'Januari', '2023/2024', NULL, 'X'),
(728, 5015, 'Februari', '2023/2024', NULL, 'X'),
(729, 5015, 'Maret', '2023/2024', NULL, 'X'),
(730, 5015, 'April', '2023/2024', NULL, 'X'),
(731, 5015, 'Mei', '2023/2024', NULL, 'X'),
(732, 5015, 'Juni', '2023/2024', NULL, 'X'),
(733, 5015, 'Juli', '2023/2024', NULL, 'XI'),
(734, 5015, 'Agustus', '2023/2024', NULL, 'XI'),
(735, 5015, 'September', '2023/2024', NULL, 'XI'),
(736, 5015, 'Oktober', '2023/2024', NULL, 'XI'),
(737, 5015, 'November', '2023/2024', NULL, 'XI'),
(738, 5015, 'Desember', '2023/2024', NULL, 'XI'),
(739, 5015, 'Januari', '2023/2024', NULL, 'XI'),
(740, 5015, 'Februari', '2023/2024', NULL, 'XI'),
(741, 5015, 'Maret', '2023/2024', NULL, 'XI'),
(742, 5015, 'April', '2023/2024', NULL, 'XI'),
(743, 5015, 'Mei', '2023/2024', NULL, 'XI'),
(744, 5015, 'Juni', '2023/2024', NULL, 'XI'),
(745, 5015, 'Juli', '2023/2024', NULL, 'XII'),
(746, 5015, 'Agustus', '2023/2024', NULL, 'XII'),
(747, 5015, 'September', '2023/2024', NULL, 'XII'),
(748, 5015, 'Oktober', '2023/2024', NULL, 'XII'),
(749, 5015, 'November', '2023/2024', NULL, 'XII'),
(750, 5015, 'Desember', '2023/2024', NULL, 'XII'),
(751, 5015, 'Januari', '2023/2024', NULL, 'XII'),
(752, 5015, 'Februari', '2023/2024', NULL, 'XII'),
(753, 5015, 'Maret', '2023/2024', NULL, 'XII'),
(754, 5015, 'April', '2023/2024', NULL, 'XII'),
(755, 5015, 'Mei', '2023/2024', NULL, 'XII'),
(756, 5015, 'Juni', '2023/2024', NULL, 'XII'),
(757, 5016, 'Juli', '2023/2024', 500000, 'X'),
(758, 5016, 'Agustus', '2023/2024', 500000, 'X'),
(759, 5016, 'September', '2023/2024', 500000, 'X'),
(760, 5016, 'Oktober', '2023/2024', 500000, 'X'),
(761, 5016, 'November', '2023/2024', 500000, 'X'),
(762, 5016, 'Desember', '2023/2024', 500000, 'X'),
(763, 5016, 'Januari', '2023/2024', 500000, 'X'),
(764, 5016, 'Februari', '2023/2024', 500000, 'X'),
(765, 5016, 'Maret', '2023/2024', 500000, 'X'),
(766, 5016, 'April', '2023/2024', 500000, 'X'),
(767, 5016, 'Mei', '2023/2024', 500000, 'X'),
(768, 5016, 'Juni', '2023/2024', 500000, 'X'),
(769, 5016, 'Juli', '2023/2024', NULL, 'XI'),
(770, 5016, 'Agustus', '2023/2024', NULL, 'XI'),
(771, 5016, 'September', '2023/2024', NULL, 'XI'),
(772, 5016, 'Oktober', '2023/2024', NULL, 'XI'),
(773, 5016, 'November', '2023/2024', NULL, 'XI'),
(774, 5016, 'Desember', '2023/2024', NULL, 'XI'),
(775, 5016, 'Januari', '2023/2024', NULL, 'XI'),
(776, 5016, 'Februari', '2023/2024', NULL, 'XI'),
(777, 5016, 'Maret', '2023/2024', NULL, 'XI'),
(778, 5016, 'April', '2023/2024', NULL, 'XI'),
(779, 5016, 'Mei', '2023/2024', NULL, 'XI'),
(780, 5016, 'Juni', '2023/2024', NULL, 'XI'),
(781, 5016, 'Juli', '2023/2024', NULL, 'XII'),
(782, 5016, 'Agustus', '2023/2024', NULL, 'XII'),
(783, 5016, 'September', '2023/2024', NULL, 'XII'),
(784, 5016, 'Oktober', '2023/2024', NULL, 'XII'),
(785, 5016, 'November', '2023/2024', NULL, 'XII'),
(786, 5016, 'Desember', '2023/2024', NULL, 'XII'),
(787, 5016, 'Januari', '2023/2024', NULL, 'XII'),
(788, 5016, 'Februari', '2023/2024', NULL, 'XII'),
(789, 5016, 'Maret', '2023/2024', NULL, 'XII'),
(790, 5016, 'April', '2023/2024', NULL, 'XII'),
(791, 5016, 'Mei', '2023/2024', NULL, 'XII'),
(792, 5016, 'Juni', '2023/2024', NULL, 'XII'),
(793, 5017, 'Juli', '2023/2024', 500000, 'X'),
(794, 5017, 'Agustus', '2023/2024', NULL, 'X'),
(795, 5017, 'September', '2023/2024', NULL, 'X'),
(796, 5017, 'Oktober', '2023/2024', NULL, 'X'),
(797, 5017, 'November', '2023/2024', NULL, 'X'),
(798, 5017, 'Desember', '2023/2024', NULL, 'X'),
(799, 5017, 'Januari', '2023/2024', NULL, 'X'),
(800, 5017, 'Februari', '2023/2024', NULL, 'X'),
(801, 5017, 'Maret', '2023/2024', NULL, 'X'),
(802, 5017, 'April', '2023/2024', NULL, 'X'),
(803, 5017, 'Mei', '2023/2024', NULL, 'X'),
(804, 5017, 'Juni', '2023/2024', NULL, 'X'),
(805, 5017, 'Juli', '2023/2024', NULL, 'XI'),
(806, 5017, 'Agustus', '2023/2024', NULL, 'XI'),
(807, 5017, 'September', '2023/2024', NULL, 'XI'),
(808, 5017, 'Oktober', '2023/2024', NULL, 'XI'),
(809, 5017, 'November', '2023/2024', NULL, 'XI'),
(810, 5017, 'Desember', '2023/2024', NULL, 'XI'),
(811, 5017, 'Januari', '2023/2024', NULL, 'XI'),
(812, 5017, 'Februari', '2023/2024', NULL, 'XI'),
(813, 5017, 'Maret', '2023/2024', NULL, 'XI'),
(814, 5017, 'April', '2023/2024', NULL, 'XI'),
(815, 5017, 'Mei', '2023/2024', NULL, 'XI'),
(816, 5017, 'Juni', '2023/2024', NULL, 'XI'),
(817, 5017, 'Juli', '2023/2024', NULL, 'XII'),
(818, 5017, 'Agustus', '2023/2024', NULL, 'XII'),
(819, 5017, 'September', '2023/2024', NULL, 'XII'),
(820, 5017, 'Oktober', '2023/2024', NULL, 'XII'),
(821, 5017, 'November', '2023/2024', NULL, 'XII'),
(822, 5017, 'Desember', '2023/2024', NULL, 'XII'),
(823, 5017, 'Januari', '2023/2024', NULL, 'XII'),
(824, 5017, 'Februari', '2023/2024', NULL, 'XII'),
(825, 5017, 'Maret', '2023/2024', NULL, 'XII'),
(826, 5017, 'April', '2023/2024', NULL, 'XII'),
(827, 5017, 'Mei', '2023/2024', NULL, 'XII'),
(828, 5017, 'Juni', '2023/2024', NULL, 'XII'),
(829, 5018, 'Juli', '2023/2024', 500000, 'X'),
(830, 5018, 'Agustus', '2023/2024', NULL, 'X'),
(831, 5018, 'September', '2023/2024', NULL, 'X'),
(832, 5018, 'Oktober', '2023/2024', NULL, 'X'),
(833, 5018, 'November', '2023/2024', NULL, 'X'),
(834, 5018, 'Desember', '2023/2024', NULL, 'X'),
(835, 5018, 'Januari', '2023/2024', NULL, 'X'),
(836, 5018, 'Februari', '2023/2024', NULL, 'X'),
(837, 5018, 'Maret', '2023/2024', NULL, 'X'),
(838, 5018, 'April', '2023/2024', NULL, 'X'),
(839, 5018, 'Mei', '2023/2024', NULL, 'X'),
(840, 5018, 'Juni', '2023/2024', NULL, 'X'),
(841, 5018, 'Juli', '2023/2024', NULL, 'XI'),
(842, 5018, 'Agustus', '2023/2024', NULL, 'XI'),
(843, 5018, 'September', '2023/2024', NULL, 'XI'),
(844, 5018, 'Oktober', '2023/2024', NULL, 'XI'),
(845, 5018, 'November', '2023/2024', NULL, 'XI'),
(846, 5018, 'Desember', '2023/2024', NULL, 'XI'),
(847, 5018, 'Januari', '2023/2024', NULL, 'XI'),
(848, 5018, 'Februari', '2023/2024', NULL, 'XI'),
(849, 5018, 'Maret', '2023/2024', NULL, 'XI'),
(850, 5018, 'April', '2023/2024', NULL, 'XI'),
(851, 5018, 'Mei', '2023/2024', NULL, 'XI'),
(852, 5018, 'Juni', '2023/2024', NULL, 'XI'),
(853, 5018, 'Juli', '2023/2024', NULL, 'XII'),
(854, 5018, 'Agustus', '2023/2024', NULL, 'XII'),
(855, 5018, 'September', '2023/2024', NULL, 'XII'),
(856, 5018, 'Oktober', '2023/2024', NULL, 'XII'),
(857, 5018, 'November', '2023/2024', NULL, 'XII'),
(858, 5018, 'Desember', '2023/2024', NULL, 'XII'),
(859, 5018, 'Januari', '2023/2024', NULL, 'XII'),
(860, 5018, 'Februari', '2023/2024', NULL, 'XII'),
(861, 5018, 'Maret', '2023/2024', NULL, 'XII'),
(862, 5018, 'April', '2023/2024', NULL, 'XII'),
(863, 5018, 'Mei', '2023/2024', NULL, 'XII'),
(864, 5018, 'Juni', '2023/2024', NULL, 'XII'),
(865, 5019, 'Juli', '2023/2024', 500000, 'X'),
(866, 5019, 'Agustus', '2023/2024', 500000, 'X'),
(867, 5019, 'September', '2023/2024', 500000, 'X'),
(868, 5019, 'Oktober', '2023/2024', 25000, 'X'),
(869, 5019, 'November', '2023/2024', NULL, 'X'),
(870, 5019, 'Desember', '2023/2024', NULL, 'X'),
(871, 5019, 'Januari', '2023/2024', NULL, 'X'),
(872, 5019, 'Februari', '2023/2024', NULL, 'X'),
(873, 5019, 'Maret', '2023/2024', NULL, 'X'),
(874, 5019, 'April', '2023/2024', NULL, 'X'),
(875, 5019, 'Mei', '2023/2024', NULL, 'X'),
(876, 5019, 'Juni', '2023/2024', NULL, 'X'),
(877, 5019, 'Juli', '2023/2024', NULL, 'XI'),
(878, 5019, 'Agustus', '2023/2024', NULL, 'XI'),
(879, 5019, 'September', '2023/2024', NULL, 'XI'),
(880, 5019, 'Oktober', '2023/2024', NULL, 'XI'),
(881, 5019, 'November', '2023/2024', NULL, 'XI'),
(882, 5019, 'Desember', '2023/2024', NULL, 'XI'),
(883, 5019, 'Januari', '2023/2024', NULL, 'XI'),
(884, 5019, 'Februari', '2023/2024', NULL, 'XI'),
(885, 5019, 'Maret', '2023/2024', NULL, 'XI'),
(886, 5019, 'April', '2023/2024', NULL, 'XI'),
(887, 5019, 'Mei', '2023/2024', NULL, 'XI'),
(888, 5019, 'Juni', '2023/2024', NULL, 'XI'),
(889, 5019, 'Juli', '2023/2024', NULL, 'XII'),
(890, 5019, 'Agustus', '2023/2024', NULL, 'XII'),
(891, 5019, 'September', '2023/2024', NULL, 'XII'),
(892, 5019, 'Oktober', '2023/2024', NULL, 'XII'),
(893, 5019, 'November', '2023/2024', NULL, 'XII'),
(894, 5019, 'Desember', '2023/2024', NULL, 'XII'),
(895, 5019, 'Januari', '2023/2024', NULL, 'XII'),
(896, 5019, 'Februari', '2023/2024', NULL, 'XII'),
(897, 5019, 'Maret', '2023/2024', NULL, 'XII'),
(898, 5019, 'April', '2023/2024', NULL, 'XII'),
(899, 5019, 'Mei', '2023/2024', NULL, 'XII'),
(900, 5019, 'Juni', '2023/2024', NULL, 'XII'),
(901, 5020, 'Juli', '2023/2024', 500000, 'X'),
(902, 5020, 'Agustus', '2023/2024', 400000, 'X'),
(903, 5020, 'September', '2023/2024', NULL, 'X'),
(904, 5020, 'Oktober', '2023/2024', NULL, 'X'),
(905, 5020, 'November', '2023/2024', NULL, 'X'),
(906, 5020, 'Desember', '2023/2024', NULL, 'X'),
(907, 5020, 'Januari', '2023/2024', NULL, 'X'),
(908, 5020, 'Februari', '2023/2024', NULL, 'X'),
(909, 5020, 'Maret', '2023/2024', NULL, 'X'),
(910, 5020, 'April', '2023/2024', NULL, 'X'),
(911, 5020, 'Mei', '2023/2024', NULL, 'X'),
(912, 5020, 'Juni', '2023/2024', NULL, 'X'),
(913, 5020, 'Juli', '2023/2024', NULL, 'XI'),
(914, 5020, 'Agustus', '2023/2024', NULL, 'XI'),
(915, 5020, 'September', '2023/2024', NULL, 'XI'),
(916, 5020, 'Oktober', '2023/2024', NULL, 'XI'),
(917, 5020, 'November', '2023/2024', NULL, 'XI'),
(918, 5020, 'Desember', '2023/2024', NULL, 'XI'),
(919, 5020, 'Januari', '2023/2024', NULL, 'XI'),
(920, 5020, 'Februari', '2023/2024', NULL, 'XI'),
(921, 5020, 'Maret', '2023/2024', NULL, 'XI'),
(922, 5020, 'April', '2023/2024', NULL, 'XI'),
(923, 5020, 'Mei', '2023/2024', NULL, 'XI'),
(924, 5020, 'Juni', '2023/2024', NULL, 'XI'),
(925, 5020, 'Juli', '2023/2024', NULL, 'XII'),
(926, 5020, 'Agustus', '2023/2024', NULL, 'XII'),
(927, 5020, 'September', '2023/2024', NULL, 'XII'),
(928, 5020, 'Oktober', '2023/2024', NULL, 'XII'),
(929, 5020, 'November', '2023/2024', NULL, 'XII'),
(930, 5020, 'Desember', '2023/2024', NULL, 'XII'),
(931, 5020, 'Januari', '2023/2024', NULL, 'XII'),
(932, 5020, 'Februari', '2023/2024', NULL, 'XII'),
(933, 5020, 'Maret', '2023/2024', NULL, 'XII'),
(934, 5020, 'April', '2023/2024', NULL, 'XII'),
(935, 5020, 'Mei', '2023/2024', NULL, 'XII'),
(936, 5020, 'Juni', '2023/2024', NULL, 'XII'),
(973, 5021, 'Juli', '2023/2024', 500000, 'X'),
(974, 5021, 'Agustus', '2023/2024', 500000, 'X'),
(975, 5021, 'September', '2023/2024', 500000, 'X'),
(976, 5021, 'Oktober', '2023/2024', 500000, 'X'),
(977, 5021, 'November', '2023/2024', 500000, 'X'),
(978, 5021, 'Desember', '2023/2024', 500000, 'X'),
(979, 5021, 'Januari', '2023/2024', 500000, 'X'),
(980, 5021, 'Februari', '2023/2024', 500000, 'X'),
(981, 5021, 'Maret', '2023/2024', 500000, 'X'),
(982, 5021, 'April', '2023/2024', 500000, 'X'),
(983, 5021, 'Mei', '2023/2024', 500000, 'X'),
(984, 5021, 'Juni', '2023/2024', 500000, 'X'),
(985, 5021, 'Juli', '2023/2024', NULL, 'XI'),
(986, 5021, 'Agustus', '2023/2024', NULL, 'XI'),
(987, 5021, 'September', '2023/2024', NULL, 'XI'),
(988, 5021, 'Oktober', '2023/2024', NULL, 'XI'),
(989, 5021, 'November', '2023/2024', NULL, 'XI'),
(990, 5021, 'Desember', '2023/2024', NULL, 'XI'),
(991, 5021, 'Januari', '2023/2024', NULL, 'XI'),
(992, 5021, 'Februari', '2023/2024', NULL, 'XI'),
(993, 5021, 'Maret', '2023/2024', NULL, 'XI'),
(994, 5021, 'April', '2023/2024', NULL, 'XI'),
(995, 5021, 'Mei', '2023/2024', NULL, 'XI'),
(996, 5021, 'Juni', '2023/2024', NULL, 'XI'),
(997, 5021, 'Juli', '2023/2024', NULL, 'XII'),
(998, 5021, 'Agustus', '2023/2024', NULL, 'XII'),
(999, 5021, 'September', '2023/2024', NULL, 'XII'),
(1000, 5021, 'Oktober', '2023/2024', NULL, 'XII'),
(1001, 5021, 'November', '2023/2024', NULL, 'XII'),
(1002, 5021, 'Desember', '2023/2024', NULL, 'XII'),
(1003, 5021, 'Januari', '2023/2024', NULL, 'XII'),
(1004, 5021, 'Februari', '2023/2024', NULL, 'XII'),
(1005, 5021, 'Maret', '2023/2024', NULL, 'XII'),
(1006, 5021, 'April', '2023/2024', NULL, 'XII'),
(1007, 5021, 'Mei', '2023/2024', NULL, 'XII'),
(1008, 5021, 'Juni', '2023/2024', NULL, 'XII');

-- --------------------------------------------------------

--
-- Table structure for table `tb_transaksi`
--

CREATE TABLE `tb_transaksi` (
  `id_transaksi` int(5) NOT NULL,
  `id_petugas` int(4) NOT NULL,
  `nis` int(4) NOT NULL,
  `tgl_bayar` datetime NOT NULL,
  `bayar` double NOT NULL
) ENGINE=InnoDB DEFAULT CHARSET=utf8mb4 COLLATE=utf8mb4_general_ci;

--
-- Dumping data for table `tb_transaksi`
--

INSERT INTO `tb_transaksi` (`id_transaksi`, `id_petugas`, `nis`, `tgl_bayar`, `bayar`) VALUES
(1, 1, 5001, '2023-02-09 08:03:31', 10000),
(2, 1, 5001, '2023-02-09 08:04:10', 477777),
(3, 1, 5001, '2023-02-09 11:38:58', 500000),
(4, 1, 5005, '2023-02-09 17:33:42', 500000),
(5, 1, 5003, '2023-02-09 17:33:54', 500000),
(6, 1, 5002, '2023-02-09 17:34:04', 500000),
(7, 1, 5006, '2023-02-09 17:34:14', 500000),
(8, 1, 5004, '2023-02-09 17:34:30', 500000),
(9, 1, 5007, '2023-02-09 18:57:28', 5999999),
(10, 1, 5001, '2023-02-10 22:29:37', 100000),
(11, 1, 5001, '2023-02-11 07:36:36', 22333),
(12, 1, 5001, '2023-02-11 07:37:05', 20890),
(13, 1, 5005, '2023-02-11 08:56:54', 1250000),
(14, 1, 5004, '2023-02-11 17:48:03', 570000),
(15, 1, 5002, '2023-02-13 23:55:05', 600000),
(16, 1, 5004, '2023-02-14 08:36:52', 1000000),
(17, 1, 5008, '2023-02-14 09:23:33', 100000),
(18, 1, 5001, '2023-02-14 11:17:38', 100000),
(19, 1, 5001, '2023-02-15 10:29:49', 100000000),
(20, 1, 5009, '2023-02-15 12:09:34', 1000),
(21, 2, 5009, '2023-02-15 12:13:07', 100000),
(22, 6, 5001, '2023-02-16 18:50:02', 300000),
(23, 1, 5007, '2023-02-17 22:50:37', 1),
(24, 1, 5011, '2023-02-17 22:58:16', 1000000),
(25, 1, 5010, '2023-02-17 22:58:34', 3000000),
(26, 6, 5010, '2023-02-18 11:28:18', 500000),
(27, 1, 5001, '2023-02-19 14:20:18', 555000),
(28, 1, 5012, '2023-02-19 14:50:29', 600000),
(31, 6, 5010, '2023-02-20 18:15:18', 700000),
(33, 2, 5013, '2023-02-20 18:39:10', 500000),
(34, 1, 5004, '2023-02-21 08:12:41', 500000),
(35, 1, 5013, '2023-02-21 11:09:51', 1000000),
(36, 6, 5012, '2023-02-21 21:26:24', 3750000),
(37, 1, 5008, '2023-02-24 09:36:08', 500000),
(38, 1, 5002, '2023-02-27 22:55:04', 700000),
(39, 1, 5013, '2023-03-01 09:58:27', 1000000),
(40, 1, 5014, '2023-03-09 11:32:07', 400000),
(41, 1, 5014, '2023-03-10 10:27:27', 300000),
(42, 1, 5016, '2023-03-10 10:33:25', 500000),
(43, 1, 5017, '2023-03-10 10:33:38', 500000),
(44, 1, 5015, '2023-03-10 10:34:06', 500000),
(45, 1, 5018, '2023-03-10 10:34:22', 500000),
(46, 1, 5019, '2023-03-10 10:34:46', 500000),
(47, 1, 5020, '2023-03-11 17:06:07', 500000),
(49, 1, 5001, '2023-03-11 17:39:49', 145000),
(50, 1, 5001, '2023-03-11 17:47:23', 300000),
(51, 1, 5001, '2023-03-11 17:57:49', 200000),
(52, 1, 5001, '2023-03-11 21:45:00', 500000),
(53, 10, 5016, '2023-03-11 21:45:30', 500000),
(54, 10, 5013, '2023-03-11 21:45:52', 1250000),
(55, 1, 5019, '2023-03-11 22:08:34', 700000),
(56, 1, 5019, '2023-03-11 22:12:41', 250000),
(57, 1, 5019, '2023-03-11 22:15:17', 75000),
(62, 1, 5016, '2023-03-13 23:51:40', 500000),
(63, 1, 5016, '2023-03-13 23:51:55', 5500000),
(64, 1, 5020, '2023-03-14 10:15:55', 400000),
(65, 1, 5021, '2023-03-16 10:03:51', 12000000);

--
-- Indexes for dumped tables
--

--
-- Indexes for table `tb_kelas`
--
ALTER TABLE `tb_kelas`
  ADD PRIMARY KEY (`id_kelas`);

--
-- Indexes for table `tb_petugas`
--
ALTER TABLE `tb_petugas`
  ADD PRIMARY KEY (`id_petugas`);

--
-- Indexes for table `tb_siswa`
--
ALTER TABLE `tb_siswa`
  ADD PRIMARY KEY (`nis`),
  ADD KEY `fk_kelas` (`id_kelas`);

--
-- Indexes for table `tb_spp`
--
ALTER TABLE `tb_spp`
  ADD PRIMARY KEY (`id_spp`),
  ADD KEY `fk_nis` (`nis`);

--
-- Indexes for table `tb_transaksi`
--
ALTER TABLE `tb_transaksi`
  ADD PRIMARY KEY (`id_transaksi`),
  ADD KEY `fk_petugas` (`id_petugas`),
  ADD KEY `fk_nis_petugas` (`nis`);

--
-- AUTO_INCREMENT for dumped tables
--

--
-- AUTO_INCREMENT for table `tb_kelas`
--
ALTER TABLE `tb_kelas`
  MODIFY `id_kelas` int(4) NOT NULL AUTO_INCREMENT, AUTO_INCREMENT=12;

--
-- AUTO_INCREMENT for table `tb_petugas`
--
ALTER TABLE `tb_petugas`
  MODIFY `id_petugas` int(4) NOT NULL AUTO_INCREMENT, AUTO_INCREMENT=11;

--
-- AUTO_INCREMENT for table `tb_spp`
--
ALTER TABLE `tb_spp`
  MODIFY `id_spp` int(5) NOT NULL AUTO_INCREMENT, AUTO_INCREMENT=1009;

--
-- AUTO_INCREMENT for table `tb_transaksi`
--
ALTER TABLE `tb_transaksi`
  MODIFY `id_transaksi` int(5) NOT NULL AUTO_INCREMENT, AUTO_INCREMENT=66;

--
-- Constraints for dumped tables
--

--
-- Constraints for table `tb_siswa`
--
ALTER TABLE `tb_siswa`
  ADD CONSTRAINT `fk_kelas` FOREIGN KEY (`id_kelas`) REFERENCES `tb_kelas` (`id_kelas`);

--
-- Constraints for table `tb_spp`
--
ALTER TABLE `tb_spp`
  ADD CONSTRAINT `fk_nis` FOREIGN KEY (`nis`) REFERENCES `tb_siswa` (`nis`) ON DELETE CASCADE;

--
-- Constraints for table `tb_transaksi`
--
ALTER TABLE `tb_transaksi`
  ADD CONSTRAINT `fk_nis_petugas` FOREIGN KEY (`nis`) REFERENCES `tb_siswa` (`nis`) ON DELETE CASCADE,
  ADD CONSTRAINT `fk_petugas` FOREIGN KEY (`id_petugas`) REFERENCES `tb_petugas` (`id_petugas`);
COMMIT;

/*!40101 SET CHARACTER_SET_CLIENT=@OLD_CHARACTER_SET_CLIENT */;
/*!40101 SET CHARACTER_SET_RESULTS=@OLD_CHARACTER_SET_RESULTS */;
/*!40101 SET COLLATION_CONNECTION=@OLD_COLLATION_CONNECTION */;
